{"qf1_values": 275.179443359375, "qf2_values": 274.9266662597656, "qf1_loss": 31.96644401550293, "qf2_loss": 32.03173065185547, "qf_loss": 31.999088287353516, "actor_loss": -274.35833740234375, "alpha": 0.050294894725084305, "alpha_loss": -0.45509564876556396, "Rewards": {"_type": "histogram", "values": [180, 0, 0, 0, 0, 1, 1, 0, 2, 4, 48, 4, 1, 0, 1, 1, 0, 0, 0, 1, 2, 8, 1, 0, 0, 0, 0, 0, 0, 0, 0, 1], "bins": [0.0, 0.9044174551963806, 1.8088349103927612, 2.713252305984497, 3.6176698207855225, 4.522087097167969, 5.426504611968994, 6.3309221267700195, 7.235339641571045, 8.13975715637207, 9.044174194335938, 9.948592185974121, 10.853009223937988, 11.757427215576172, 12.661844253540039, 13.566262245178223, 14.47067928314209, 15.375096321105957, 16.27951431274414, 17.183931350708008, 18.088348388671875, 18.992767333984375, 19.897184371948242, 20.80160140991211, 21.706018447875977, 22.610435485839844, 23.514854431152344, 24.41927146911621, 25.323688507080078, 26.228105545043945, 27.132524490356445, 28.036941528320312, 28.94135856628418]}, "_timestamp": 1694668486.5521092, "_runtime": 1509.0076382160187, "_step": 297, "_wandb": {"runtime": 1508}}