{"qf1_values": 524.048828125, "qf2_values": 524.1251220703125, "qf1_loss": 1.9230282306671143, "qf2_loss": 1.9189271926879883, "qf_loss": 1.9209777116775513, "actor_loss": -524.001953125, "alpha": 0.110129214823246, "alpha_loss": 0.2052847445011139, "Rewards": {"_type": "histogram", "values": [22, 0, 0, 0, 0, 0, 0, 0, 0, 0, 0, 0, 0, 7, 3, 2, 5, 3, 3, 5, 167, 22, 2, 2, 4, 0, 6, 0, 0, 1, 0, 2], "bins": [0.0, 0.375, 0.75, 1.125, 1.5, 1.875, 2.25, 2.625, 3.0, 3.375, 3.75, 4.125, 4.5, 4.875, 5.25, 5.625, 6.0, 6.375, 6.75, 7.125, 7.5, 7.875, 8.25, 8.625, 9.0, 9.375, 9.75, 10.125, 10.5, 10.875, 11.25, 11.625, 12.0]}, "_timestamp": 1696321718.6537783, "_runtime": 20919.091299295425, "_step": 233, "_wandb": {"runtime": 20921}}