{"qf1_values": 356.19573974609375, "qf2_values": 356.19140625, "qf1_loss": 35.397430419921875, "qf2_loss": 35.387901306152344, "qf_loss": 35.39266586303711, "actor_loss": -356.82464599609375, "alpha": 0.03920867666602135, "alpha_loss": 0.11221061646938324, "Rewards": {"_type": "histogram", "values": [171, 0, 0, 0, 0, 0, 0, 0, 0, 1, 72, 0, 0, 0, 0, 0, 0, 0, 0, 1, 2, 7, 0, 0, 0, 0, 0, 0, 0, 0, 0, 2], "bins": [0.0, 0.9172639846801758, 1.8345279693603516, 2.7517919540405273, 3.669055938720703, 4.586319923400879, 5.503583908081055, 6.4208478927612305, 7.338111877441406, 8.255375862121582, 9.172639846801758, 10.089903831481934, 11.00716781616211, 11.924431800842285, 12.841695785522461, 13.758959770202637, 14.676223754882812, 15.593487739562988, 16.510751724243164, 17.428016662597656, 18.345279693603516, 19.262542724609375, 20.179807662963867, 21.09707260131836, 22.01433563232422, 22.931598663330078, 23.84886360168457, 24.766128540039062, 25.683391571044922, 26.60065460205078, 27.517919540405273, 28.435184478759766, 29.352447509765625]}, "_timestamp": 1694445444.0138583, "_runtime": 4325.96286034584, "_step": 1948, "_wandb": {"runtime": 4325}}