{"qf1_values": 758.1754760742188, "qf2_values": 758.2186279296875, "qf1_loss": 0.619683563709259, "qf2_loss": 0.5895310640335083, "qf_loss": 0.604607343673706, "actor_loss": -757.173583984375, "alpha": 0.18673443794250488, "alpha_loss": 0.013826627284288406, "Rewards": {"_type": "histogram", "values": [5, 0, 0, 0, 0, 0, 0, 0, 0, 0, 0, 0, 0, 0, 0, 0, 0, 2, 2, 2, 0, 0, 0, 0, 148, 91, 1, 0, 2, 0, 0, 3], "bins": [0.0, 0.3125, 0.625, 0.9375, 1.25, 1.5625, 1.875, 2.1875, 2.5, 2.8125, 3.125, 3.4375, 3.75, 4.0625, 4.375, 4.6875, 5.0, 5.3125, 5.625, 5.9375, 6.25, 6.5625, 6.875, 7.1875, 7.5, 7.8125, 8.125, 8.4375, 8.75, 9.0625, 9.375, 9.6875, 10.0]}, "_timestamp": 1696498902.1037476, "_runtime": 6440.609300613403, "_step": 1948, "_wandb": {"runtime": 6513}}