{"qf1_values": 14.432125091552734, "qf2_values": 14.153192520141602, "qf1_loss": 24.433456420898438, "qf2_loss": 24.68474578857422, "qf_loss": 24.559101104736328, "actor_loss": -16.291648864746094, "alpha": 0.5997844934463501, "alpha_loss": -1.5881271362304688, "Rewards": {"_type": "histogram", "values": [149, 0, 0, 0, 0, 0, 0, 0, 0, 0, 14, 1, 2, 5, 2, 14, 0, 7, 1, 10, 1, 10, 0, 7, 0, 1, 9, 1, 13, 0, 8, 1], "bins": [0.0, 0.4583856463432312, 0.9167712926864624, 1.3751568794250488, 1.8335425853729248, 2.291928291320801, 2.7503137588500977, 3.2086994647979736, 3.6670851707458496, 4.1254706382751465, 4.583856582641602, 5.042242050170898, 5.500627517700195, 5.95901346206665, 6.417398929595947, 6.875784873962402, 7.334170341491699, 7.792555809020996, 8.250941276550293, 8.709327697753906, 9.167713165283203, 9.6260986328125, 10.084484100341797, 10.542869567871094, 11.00125503540039, 11.459641456604004, 11.9180269241333, 12.376412391662598, 12.834797859191895, 13.293183326721191, 13.751569747924805, 14.209955215454102, 14.668340682983398]}, "_timestamp": 1696229590.5209966, "_runtime": 20.503982543945312, "_step": 4, "_wandb": {"runtime": 19}}