{"qf1_values": 40.95350646972656, "qf2_values": 40.98191452026367, "qf1_loss": 18.44189453125, "qf2_loss": 18.47727394104004, "qf_loss": 18.459583282470703, "actor_loss": -41.91566467285156, "alpha": 0.18091534078121185, "alpha_loss": -5.5570526123046875, "Rewards": {"_type": "histogram", "values": [136, 0, 0, 0, 0, 0, 0, 0, 0, 0, 0, 16, 4, 19, 6, 4, 15, 1, 8, 2, 8, 3, 8, 4, 0, 6, 3, 5, 1, 4, 1, 2], "bins": [0.0, 0.4375, 0.875, 1.3125, 1.75, 2.1875, 2.625, 3.0625, 3.5, 3.9375, 4.375, 4.8125, 5.25, 5.6875, 6.125, 6.5625, 7.0, 7.4375, 7.875, 8.3125, 8.75, 9.1875, 9.625, 10.0625, 10.5, 10.9375, 11.375, 11.8125, 12.25, 12.6875, 13.125, 13.5625, 14.0]}, "_timestamp": 1696229763.6014762, "_runtime": 29.130202293395996, "_step": 16, "_wandb": {"runtime": 28}}