{"qf1_values": 353.8555908203125, "qf2_values": 353.78619384765625, "qf1_loss": 32.57270812988281, "qf2_loss": 32.57102966308594, "qf_loss": 32.571868896484375, "actor_loss": -353.2327880859375, "alpha": 0.03395329788327217, "alpha_loss": 0.11077454686164856, "Rewards": {"_type": "histogram", "values": [191, 0, 0, 0, 0, 0, 0, 0, 0, 0, 51, 0, 1, 0, 0, 1, 0, 0, 1, 0, 1, 8, 0, 0, 0, 0, 0, 0, 0, 0, 0, 2], "bins": [0.0, 0.9159727692604065, 1.831945538520813, 2.7479183673858643, 3.663891077041626, 4.579864025115967, 5.4958367347717285, 6.41180944442749, 7.327782154083252, 8.243755340576172, 9.159728050231934, 10.075700759887695, 10.991673469543457, 11.907646179199219, 12.82361888885498, 13.739591598510742, 14.655564308166504, 15.571537017822266, 16.487510681152344, 17.40348243713379, 18.319456100463867, 19.235427856445312, 20.15140151977539, 21.067373275756836, 21.983346939086914, 22.89931869506836, 23.815292358398438, 24.731264114379883, 25.64723777770996, 26.563209533691406, 27.479183197021484, 28.39515495300293, 29.311128616333008]}, "_timestamp": 1694503724.9984488, "_runtime": 15315.60477590561, "_step": 1948, "_wandb": {"runtime": 15319}}