{"qf1_values": 450.6328125, "qf2_values": 450.5793151855469, "qf1_loss": 45.04447555541992, "qf2_loss": 44.99273681640625, "qf_loss": 45.01860809326172, "actor_loss": -450.03094482421875, "alpha": 0.04742621257901192, "alpha_loss": 0.4229542016983032, "Rewards": {"_type": "histogram", "values": [177, 0, 0, 0, 0, 0, 0, 0, 0, 0, 0, 2, 1, 0, 0, 0, 0, 1, 0, 0, 0, 1, 0, 0, 0, 1, 0, 0, 1, 0, 3, 69], "bins": [0.0, 0.4685702323913574, 0.9371404647827148, 1.4057106971740723, 1.8742809295654297, 2.342851161956787, 2.8114213943481445, 3.279991626739502, 3.7485618591308594, 4.217132091522217, 4.685702323913574, 5.154272556304932, 5.622842788696289, 6.0914130210876465, 6.559983253479004, 7.028553485870361, 7.497123718261719, 7.965693950653076, 8.434264183044434, 8.902833938598633, 9.371404647827148, 9.839975357055664, 10.308545112609863, 10.777114868164062, 11.245685577392578, 11.714256286621094, 12.182826042175293, 12.651395797729492, 13.119966506958008, 13.588537216186523, 14.057106971740723, 14.525676727294922, 14.994247436523438]}, "_timestamp": 1696232797.9270446, "_runtime": 3001.140360593796, "_step": 1948, "_wandb": {"runtime": 3002}}