{"qf1_values": 756.82080078125, "qf2_values": 756.750244140625, "qf1_loss": 0.48420900106430054, "qf2_loss": 0.4607080817222595, "qf_loss": 0.47245854139328003, "actor_loss": -756.4085693359375, "alpha": 0.1675129383802414, "alpha_loss": -0.005096606910228729, "Rewards": {"_type": "histogram", "values": [4, 0, 0, 0, 0, 0, 0, 0, 0, 0, 0, 0, 0, 0, 0, 0, 0, 3, 1, 1, 1, 0, 0, 2, 143, 95, 2, 0, 2, 0, 0, 2], "bins": [0.0, 0.3125, 0.625, 0.9375, 1.25, 1.5625, 1.875, 2.1875, 2.5, 2.8125, 3.125, 3.4375, 3.75, 4.0625, 4.375, 4.6875, 5.0, 5.3125, 5.625, 5.9375, 6.25, 6.5625, 6.875, 7.1875, 7.5, 7.8125, 8.125, 8.4375, 8.75, 9.0625, 9.375, 9.6875, 10.0]}, "_timestamp": 1696237587.6998677, "_runtime": 4564.563404798508, "_step": 1948, "_wandb": {"runtime": 4566}}