{"qf1_values": 358.08575439453125, "qf2_values": 358.1070861816406, "qf1_loss": 48.69820022583008, "qf2_loss": 48.70176696777344, "qf_loss": 48.699981689453125, "actor_loss": -357.8772888183594, "alpha": 0.03762815147638321, "alpha_loss": 0.20869596302509308, "Rewards": {"_type": "histogram", "values": [176, 0, 0, 0, 0, 0, 0, 0, 1, 1, 53, 0, 0, 0, 0, 1, 0, 0, 0, 0, 8, 11, 0, 0, 0, 0, 0, 0, 0, 0, 0, 5], "bins": [0.0, 0.9259099960327148, 1.8518199920654297, 2.7777299880981445, 3.7036399841308594, 4.629549980163574, 5.555459976196289, 6.481369972229004, 7.407279968261719, 8.333189964294434, 9.259099960327148, 10.185009956359863, 11.110919952392578, 12.036829948425293, 12.962739944458008, 13.888649940490723, 14.814559936523438, 15.740469932556152, 16.666379928588867, 17.592288970947266, 18.518199920654297, 19.444110870361328, 20.370019912719727, 21.295928955078125, 22.221839904785156, 23.147750854492188, 24.073659896850586, 24.999568939208984, 25.925479888916016, 26.851390838623047, 27.777299880981445, 28.703208923339844, 29.629119873046875]}, "_timestamp": 1694440765.6322517, "_runtime": 4707.318309783936, "_step": 1991, "_wandb": {"runtime": 4710}}