{"qf1_values": 9.62202262878418, "qf2_values": 9.592462539672852, "qf1_loss": 19.495338439941406, "qf2_loss": 19.48091697692871, "qf_loss": 19.488128662109375, "actor_loss": -11.42912483215332, "alpha": 0.8124396800994873, "alpha_loss": -0.674591064453125, "Rewards": {"_type": "histogram", "values": [202, 0, 0, 0, 0, 0, 6, 0, 6, 3, 4, 0, 5, 12, 2, 1, 7, 2, 3, 0, 0, 0, 0, 0, 1, 0, 1, 0, 0, 0, 0, 1], "bins": [0.0, 0.75, 1.5, 2.25, 3.0, 3.75, 4.5, 5.25, 6.0, 6.75, 7.5, 8.25, 9.0, 9.75, 10.5, 11.25, 12.0, 12.75, 13.5, 14.25, 15.0, 15.75, 16.5, 17.25, 18.0, 18.75, 19.5, 20.25, 21.0, 21.75, 22.5, 23.25, 24.0]}, "_timestamp": 1694435994.2415807, "_runtime": 12.608766794204712, "_step": 1, "_wandb": {"runtime": 14}}