{"qf1_values": 439.74365234375, "qf2_values": 439.68072509765625, "qf1_loss": 47.472557067871094, "qf2_loss": 47.68214797973633, "qf_loss": 47.577354431152344, "actor_loss": -440.3765869140625, "alpha": 0.11741083860397339, "alpha_loss": 1.2890952825546265, "Rewards": {"_type": "histogram", "values": [180, 0, 0, 0, 0, 0, 0, 0, 0, 0, 0, 0, 0, 0, 0, 0, 0, 1, 0, 0, 0, 1, 0, 0, 0, 1, 0, 1, 0, 1, 4, 67], "bins": [0.0, 0.4686514437198639, 0.9373028874397278, 1.405954360961914, 1.8746057748794556, 2.343257188796997, 2.811908721923828, 3.28056001663208, 3.749211549758911, 4.217863082885742, 4.686514377593994, 5.155165672302246, 5.623817443847656, 6.092468738555908, 6.56112003326416, 7.02977180480957, 7.498423099517822, 7.967074394226074, 8.435726165771484, 8.904376983642578, 9.373028755187988, 9.841680526733398, 10.310331344604492, 10.778983116149902, 11.247634887695312, 11.716285705566406, 12.184937477111816, 12.653589248657227, 13.12224006652832, 13.59089183807373, 14.05954360961914, 14.528194427490234, 14.996846199035645]}, "_timestamp": 1695115081.9246843, "_runtime": 3075.152430295944, "_step": 1948, "_wandb": {"runtime": 3076}}