{"qf1_values": 846.828857421875, "qf2_values": 846.5966796875, "qf1_loss": 4.055425643920898, "qf2_loss": 4.102187633514404, "qf_loss": 4.0788068771362305, "actor_loss": -847.929931640625, "alpha": 0.03969104215502739, "alpha_loss": -0.020235583186149597, "Rewards": {"_type": "histogram", "values": [10, 0, 0, 0, 0, 0, 0, 0, 0, 0, 0, 0, 0, 1, 0, 1, 0, 1, 6, 6, 113, 6, 0, 3, 0, 0, 5, 48, 51, 3, 0, 2], "bins": [0.0, 0.3784869909286499, 0.7569739818572998, 1.1354609727859497, 1.5139479637145996, 1.8924349546432495, 2.2709219455718994, 2.6494088172912598, 3.027895927429199, 3.4063830375671387, 3.784869909286499, 4.163356781005859, 4.541843891143799, 4.920331001281738, 5.2988176345825195, 5.677304744720459, 6.055791854858398, 6.434278964996338, 6.812766075134277, 7.191252708435059, 7.569739818572998, 7.9482269287109375, 8.326713562011719, 8.705201148986816, 9.083687782287598, 9.462174415588379, 9.840662002563477, 10.219148635864258, 10.597635269165039, 10.976122856140137, 11.354609489440918, 11.733097076416016, 12.111583709716797]}, "_timestamp": 1696501163.7052066, "_runtime": 2023.9908456802368, "_step": 1405}